date,exercise,sets,reps,each_side,is_timed,weight,weight_unit,reps_raw,weight_raw,cardio_distance,cardio_duration,cardio_pace,cardio_raw,source_file
2025-08-19,(Tricep-Wide-Dike-Tri) 100 Pushups Stretch,,,False,False,0.0,bodyweight,,BW,,,,,1-10.pdf.json
2025-08-19,Bicep Curls,,,False,False,55.0,lbs,,55 lbs,,,,,1-10.pdf.json
2025-08-19,Date : 8/19/25,,,False,False,,,,,,,,,1-10.pdf.json
2025-08-19,EZ Bar,,,False,False,,,,,,,,,1-10.pdf.json
2025-08-19,Pendulum,,,False,False,,,,,,,,,1-10.pdf.json
2025-08-19,Prone KTWs,,,False,False,,,,,,,,,1-10.pdf.json
2025-08-19,Pushups,,,False,False,0.0,bodyweight,,BW,,,,,1-10.pdf.json
2025-08-19,RB Around-the-world,,,False,False,,,,,,,,,1-10.pdf.json
2025-08-19,RB Reach Backs,,,False,False,,,,,,,,,1-10.pdf.json
2025-08-19,Scapular,,,False,False,,,,,,,,,1-10.pdf.json
2025-08-19,Scapular Refractions Swings,,,False,False,,,,,,,,,1-10.pdf.json
2025-08-19,Wall Slides,,,False,False,,,,,,,,,1-10.pdf.json
2025-08-21,ITWs,,,False,False,,,,,,,,,1-10.pdf.json
2025-08-21,Med. Ball Circles,,,False,False,,,,,,,,,1-10.pdf.json
2025-08-21,Muscle ups,,,False,False,,,,,,,,,1-10.pdf.json
2025-08-21,Pullups (reg.),,,False,False,,,,,,,,,1-10.pdf.json
2025-08-21,Pullups w/ Neutral Grip Bar,,,False,False,,,,,,,,,1-10.pdf.json
2025-08-21,Tricep Pulldown,,,False,False,72.0,lbs,,56-72 lbs.,,,,,1-10.pdf.json
2025-08-21,Wall Slides,,,False,False,,,,,,,,,1-10.pdf.json
2025-08-25,Hamstring Curls,,,False,False,,,,,,,,,1-10.pdf.json
2025-08-25,RB Hip Abductions,,,False,False,,,,,,,,,1-10.pdf.json
2025-08-26,(F+B) (stos),,,False,False,0.0,bodyweight,,BW,,,,,1-10.pdf.json
2025-08-26,Band Pull-Aparts,,,False,False,,,,,,,,,1-10.pdf.json
2025-08-26,Bosu Ball step ups,,,False,False,,,,,,,,,1-10.pdf.json
2025-08-26,Cable Lunges,,,False,False,65.0,lbs,,65 lbs.,,,,,1-10.pdf.json
2025-08-26,Cable Squat,,,False,False,65.0,lbs,,65 165,,,,,1-10.pdf.json
2025-08-26,External / Internal,,,False,False,,,,,,,,,1-10.pdf.json
2025-08-26,"Front , Diagonal ,",,,False,False,,,,,,,,,1-10.pdf.json
2025-08-26,Lateral Band Walks,,,False,False,,,,,,,,,1-10.pdf.json
2025-08-26,Plank Scapular,,,False,False,,,,,,,,,1-10.pdf.json
2025-08-26,Pull downs RB,,,False,False,,,,,,,,,1-10.pdf.json
2025-08-26,Pushups,,,False,False,,,,,,,,,1-10.pdf.json
2025-08-26,Rotations RB,,,False,False,,,,,,,,,1-10.pdf.json
2025-08-26,SL Bosu Squat,,,False,False,,,,,,,,,1-10.pdf.json
2025-08-26,Straight Arm Lateral Raises,,,False,False,10.0,lbs,,10 lbs.,,,,,1-10.pdf.json
2025-08-26,pistol,,,False,False,0.0,bodyweight,,BW,,,,,1-10.pdf.json
2025-08-26,w/ DB w/ squat,,,False,False,23.0,lbs,,"23 lbs, black",,,,,1-10.pdf.json
2025-08-27,Dips,,,False,False,0.0,bodyweight,,BW,,,,,1-10.pdf.json
2025-08-27,Hollow Body Holds,,,False,False,,,,,,,,,1-10.pdf.json
2025-08-27,L-sits,,,False,False,,,,,,,,,1-10.pdf.json
2025-08-27,Pectoral Flies,,,False,False,,,,,,,,,1-10.pdf.json
2025-08-28,1 Bulgarian Split Lunges,,,False,False,30.0,lbs,,30 lbs.,,,,,1-10.pdf.json
2025-08-28,1 SA cable pull down,,,False,False,55.0,lbs,,55 16s.,,,,,1-10.pdf.json
2025-08-28,1 Shoulder Shrug Trio,,,False,False,14.0,lbs,,14 lbs.,,,,,1-10.pdf.json
2025-08-28,Bosu Ball SL pistol squat,,,False,False,0.0,bodyweight,,BW,,,,,1-10.pdf.json
2025-08-28,Ext./Int. rotations,,,False,False,0.0,red_band,,Red Band,,,,,1-10.pdf.json
2025-08-28,Hip Thrust Machine,,,False,False,149.0,lbs,,149 lbs.,,,,,1-10.pdf.json
2025-08-28,Shoulder Raise,,,False,False,,,,,,,,,1-10.pdf.json
2025-08-28,Trio,,,False,False,10.0,lbs,,10 lbs.,,,,,1-10.pdf.json
2025-08-28,YTWS,,,False,False,0.0,bodyweight,,BW,,,,,1-10.pdf.json
2025-08-30,(plank),,,False,False,,,,,,,,,1-10.pdf.json
2025-08-30,Bicep Carls Alt.,,,False,False,,,,,,,,,1-10.pdf.json
2025-08-30,Ext/Int Rotations,,,False,False,0.0,red_band,,Red Band,,,,,1-10.pdf.json
2025-08-30,RB Face Pulls,,,False,False,0.0,red_band,,Red Band,,,,,1-10.pdf.json
2025-08-30,RB Pull-Aparts,,,False,False,0.0,band,,And Band,,,,,1-10.pdf.json
2025-08-30,RB Shoulder Pull-Downs,,,False,False,0.0,blue_band,,Rs Blue Band,,,,,1-10.pdf.json
2025-08-30,Scapular Push Ups,,,False,False,,,,,,,,,1-10.pdf.json
2025-08-30,Shoulder Raise Trio,,,False,False,10.0,lbs,,10 lbs .,,,,,1-10.pdf.json
2025-08-30,Shoulder Shougs,,,False,False,10.0,lbs,,10 lbs.,,,,,1-10.pdf.json
2025-08-30,Tricep Push UPS,,,False,False,,,,,,,,,1-10.pdf.json
2025-08-30,YTWs,,,False,False,,,,,,,,,1-10.pdf.json
2025-09-01,1 Crunches,,,False,False,0.0,bodyweight,,BW.,,,,,1-10.pdf.json
2025-09-01,1 Scapular Pushups (Plank),,,False,False,0.0,bodyweight,,BW,,,,,1-10.pdf.json
2025-09-01,1 Shoulder Shrugs,,,False,False,10.0,lbs,,10 lbs,,,,,1-10.pdf.json
2025-09-01,: RB Face Pulls,,,False,False,0.0,blue_band,,Blue Band,,,,,1-10.pdf.json
2025-09-01,Ext/Int Rotations,,,False,False,0.0,red_band,,Red Band,,,,,1-10.pdf.json
2025-09-01,RB Pull-Aparts,,,False,False,0.0,blue_band,,& Blue Band,,,,,1-10.pdf.json
2025-09-01,Scapular Pushups,,,False,False,0.0,bodyweight,,BW,,,,,1-10.pdf.json
2025-09-01,Shoulder Raise Trio,,,False,False,10.0,lbs,,10 lbs.,,,,,1-10.pdf.json
2025-09-01,Tricep Pushups,,,False,False,0.0,bodyweight,,BW,,,,,1-10.pdf.json
2025-09-02,Booty Builder,,,False,False,,,,,,,,,1-10.pdf.json
2025-09-02,Hip Abductions ( machine),,,False,False,145.0,lbs,,145 lbs .,,,,,1-10.pdf.json
2025-09-02,Hip Adductions ( machine ),,,False,False,100.0,lbs,,100 lbs.,,,,,1-10.pdf.json
2025-09-02,MB Hamstring Curls,,,False,False,0.0,bodyweight,,BW,,,,,1-10.pdf.json
2025-09-02,Squat,,,False,False,140.0,lbs,,140 lbs.,,,,,1-10.pdf.json
2025-09-02,standing Hack,,,False,False,,,,,,,,,1-10.pdf.json
2025-09-02,standing SL calf raises,,,False,False,40.0,lbs,,1x 40 lbs.,,,,,1-10.pdf.json
2025-09-03,(FIOR) (Stos),,,False,False,0.0,bodyweight,,BW,,,,,1-10.pdf.json
2025-09-03,(FtB ) (Stos ),,,False,False,0.0,bodyweight,,BW,,,,,1-10.pdf.json
2025-09-03,1 Bosu Ball Iso Pistol,,,False,False,,,,,,,,,1-10.pdf.json
2025-09-03,1 Cable Lunges,,,False,False,50.0,lbs,,50 lbs.,,,,,1-10.pdf.json
2025-09-03,1 Cable Squats,,,False,False,50.0,lbs,,50 lbs.,,,,,1-10.pdf.json
2025-09-03,1 IL sit-to-stand,,,False,False,0.0,bodyweight,,BW,,,,,1-10.pdf.json
2025-09-03,Bose Ball Step-ups,,,False,False,,,,,,,,,1-10.pdf.json
2025-09-03,I SL Bosu Ball,,,False,False,,,,,,,,,1-10.pdf.json
2025-09-03,MB Hamstring Curls,,,False,False,,,,,,,,,1-10.pdf.json
2025-09-03,N/ Squat,,,False,False,25.0,lbs,,25 lbs.,,,,,1-10.pdf.json
2025-09-03,Pistol Squats,,,False,False,0.0,bodyweight,,BW,,,,,1-10.pdf.json
2025-09-03,RB Lateral Walk,,,False,False,,,,,,,,,1-10.pdf.json
2025-09-03,SL Cores Drill,,,False,False,,,,,,,,,1-10.pdf.json
2025-09-03,Sliders,,,False,False,,,,,,,,,1-10.pdf.json
2025-09-03,Squat w/Front Row,,,False,False,0.0,bodyweight,,BW,,,,,1-10.pdf.json
2025-09-06,Ext/int rotations,,,False,False,,,,,,,,,1-10.pdf.json
2025-09-06,Scapular Pushups,,,False,False,,,,,,,,,1-10.pdf.json
2025-09-06,shoulder shrugs,,,False,False,10.0,lbs,,10 lbs.,,,,,1-10.pdf.json
2025-09-07,1 Bulgarians,,,False,False,30.0,lbs,,30 lbs.,,,,,1-10.pdf.json
2025-09-07,Booty Builder,,,False,False,215.0,lbs,,215 lbs.,,,,,1-10.pdf.json
2025-09-07,Hamstring carls,,,False,False,85.0,lbs,,85 lbs .,,,,,1-10.pdf.json
2025-09-07,Inverted Rows,,,False,False,0.0,bodyweight,,BW,,,,,1-10.pdf.json
2025-09-09,Converging Cheat Press,,,False,False,148.0,lbs,,"115, 148 lbs.",,,,,1-10.pdf.json
2025-09-09,DB Chest Press,,,False,False,65.0,lbs,,65 165,,,,,1-10.pdf.json
2025-09-09,DO Thumbsup Shoulder Raises,,,False,False,15.0,lbs,,15 lbs .,,,,,1-10.pdf.json
2025-09-09,Front DE Shoulder Paises,,,False,False,15.0,lbs,,15 lbs.,,,,,1-10.pdf.json
2025-09-09,Handstand Holds w / wall,,,False,False,0.0,bodyweight,,BW,,,,,1-10.pdf.json
2025-09-09,Seated Pectoral Fles,,,False,False,160.0,lbs,,"145, 160 lbs.",,,,,1-10.pdf.json
2025-09-10,1 .,,,False,False,,,,,,,,,1-10.pdf.json
2025-09-10,1 Hip Abductions,,,False,False,,,,,,,,,1-10.pdf.json
2025-09-10,1 shoulder Shrug Trio +,,,False,False,12.0,lbs,,12 lbs.,,,,,1-10.pdf.json
2025-09-10,Booty Builder,,,False,False,215.0,lbs,,215 lbs.,,,,,1-10.pdf.json
2025-09-10,Curl,,,False,False,120.0,lbs,,120lbs 100 lbs,,,,,1-10.pdf.json
2025-09-10,Hip Adductions,,,False,False,110.0,lbs,,110 lbs.,,,,,1-10.pdf.json
2025-09-10,Prone Leg,,,False,False,,,,,,,,,1-10.pdf.json
2025-09-10,SL Bosu Ball Pistol Squat,,,False,False,0.0,bodyweight,,BW,,,,,1-10.pdf.json
2025-09-10,Triceps/ Reg. Pushups,,,False,False,0.0,bodyweight,,BW,,,,,1-10.pdf.json
2025-09-10,Trio,,,False,False,12.0,lbs,,12 163.,,,,,1-10.pdf.json
2025-09-10,shoulder Raise,,,False,False,,,,,,,,,1-10.pdf.json
2025-09-16,Bicep Curls EZ Bar,,,False,False,40.0,lbs,,40 lbs,,,,,1-10.pdf.json
2025-09-16,Crushers,,,False,False,25.0,lbs,,25 lbs.,,,,,1-10.pdf.json
2025-09-16,SA Tricep Skull,,,False,False,,,,,,,,,1-10.pdf.json
2025-09-16,Scapular Push Ups,,,False,False,0.0,bodyweight,,BW .,,,,,1-10.pdf.json
2025-09-16,shoulder Shrugs,,,False,False,15.0,lbs,,15 lbs.,,,,,1-10.pdf.json
2025-09-25,BB Inverted row 900,,,False,False,0.0,bodyweight,,BW,,,,,1-10.pdf.json
2025-09-25,Bulgarian Split,,,False,False,,,,,,,,,1-10.pdf.json
2025-09-25,Hip Adductions,,,False,False,115.0,lbs,,115 16e.,,,,,1-10.pdf.json
2025-09-25,KB Goblet Squats,,,False,False,35.0,lbs,,35 lbs.,,,,,1-10.pdf.json
2025-09-25,Newrow Neutral,,,False,False,,,,,,,,,1-10.pdf.json
2025-09-25,Pressdown,,,False,False,50.0,lbs,,50 lbs.,,,,,1-10.pdf.json
2025-09-25,Prone Leg Curls,,,False,False,,,,,,,,,1-10.pdf.json
2025-09-25,Pull Op w/ frontrowgrip,,,False,False,0.0,bodyweight,,BW,,,,,1-10.pdf.json
2025-09-25,Pull Ups,,,False,False,0.0,bodyweight,,BW,,,,,1-10.pdf.json
2025-09-25,Sled Pulls,,,False,False,165.0,lbs,,"165 lbs,",,,,,1-10.pdf.json
2025-09-25,Squats,,,False,False,26.0,lbs,,26 lbs.,,,,,1-10.pdf.json
2025-09-25,Triceps,,,False,False,,,,,,,,,1-10.pdf.json
2025-09-25,shoulder Raise Trio,,,False,False,12.0,lbs,,12 lbs.,,,,,1-10.pdf.json
2025-09-26,(R++ Both) = 1 rep DB Alt. Chest Press,,,False,False,65.0,lbs,,65 163.,,,,,1-10.pdf.json
2025-09-26,Hand stand Holds,,,False,False,0.0,bodyweight,,BW,,,,,1-10.pdf.json
2025-09-26,Kneeling SA,,,False,False,,,,,,,,,1-10.pdf.json
2025-09-26,Landmine Press,,,False,False,25.0,lbs,,25 lbs .,,,,,1-10.pdf.json
2025-09-26,Plank + pike + Knee tuck,,,False,False,0.0,bodyweight,,BW,,,,,1-10.pdf.json
2025-09-26,Pseudo Planche Leans W / Wall,,,False,False,0.0,bodyweight,,BW,,,,,1-10.pdf.json
2025-09-26,Scapular push ups,,,False,False,0.0,bodyweight,,BW,,,,,1-10.pdf.json
2025-09-29,Bulgarians,,,False,False,35.0,lbs,,35 lbs .,,,,,1-10.pdf.json
2025-09-29,Handstand herds,,,False,False,,,,,,,,,1-10.pdf.json
2025-09-29,Leans rick,,,False,False,,,,,,,,,1-10.pdf.json
2025-09-29,Leg Press,,,False,False,,,,,,,,,1-10.pdf.json
2025-09-29,Prone Leg Curls,,,False,False,100.0,lbs,,100 lbs.,,,,,1-10.pdf.json
2025-09-29,Pseudo Planche,,,False,False,,,,,,,,,1-10.pdf.json
2025-09-29,Quad Ext.,,,False,False,100.0,lbs,,100 lbs.,,,,,1-10.pdf.json
2025-09-29,Seated Call Raises,,,False,False,,,,,,,,,1-10.pdf.json
2025-09-29,Wall Planche hold,,,False,False,,,,,,,,,1-10.pdf.json
2025-10-02,Hanstand Holds (wall ),,,False,False,,,,,,,,,1-10.pdf.json
2025-10-02,Pseudo Planche Rockers,,,False,False,,,,,,,,,1-10.pdf.json
2025-10-02,RB Pull Aparts,,,False,False,,,,,,,,,1-10.pdf.json
2025-10-02,Scapular Ausnups,,,False,False,0.0,bodyweight,,BW,,,,,1-10.pdf.json
2025-10-02,Shoulder Raise,,,False,False,,,,,,,,,1-10.pdf.json
2025-10-02,Shoulder Shrugs,,,False,False,35.0,lbs,,35 lbs.,,,,,1-10.pdf.json
2025-10-02,Tricep Push ups,,,False,False,0.0,bodyweight,,BW,,,,,1-10.pdf.json
2025-10-02,Trio,,,False,False,12.5,lbs,,12.5 lbs.,,,,,1-10.pdf.json
2025-10-02,Wall Pseudo Planche Leans,,,False,False,,,,,,,,,1-10.pdf.json
2025-10-04,Booty Builder,,,False,False,248.0,lbs,,"231, 248 lbs.",,,,,1-10.pdf.json
2025-10-04,Cable Split Lunges,,,False,False,,,,,,,,,1-10.pdf.json
2025-10-04,Cable Squats,,,False,False,60.0,lbs,,60 lbs,,,,,1-10.pdf.json
2025-10-04,Front Lever Scapula pulls,,,False,False,,,,,,,,,1-10.pdf.json
2025-10-04,Hip Abductions Seated,,,False,False,130.0,lbs,,130 lbs.,,,,,1-10.pdf.json
2025-10-04,One Arm Pullups RR,,,False,False,,,,,,,,,1-10.pdf.json
2025-10-04,Pull ups,,,False,False,,,,,,,,,1-10.pdf.json
2025-10-04,Wall Planche Lean Hold,,,False,False,,,,,,,,,1-10.pdf.json
2025-10-06,1 Prone Leg Curls,,,False,False,,,,,,,,,1-10.pdf.json
2025-10-06,Deadhang Leg Lifts,,,False,False,,,,,,,,,1-10.pdf.json
2025-10-06,Ext. Rotations,,,False,False,7.5,lbs,,7.5 lbs.,,,,,1-10.pdf.json
2025-10-06,Quad Ext.,,,False,False,130.0,lbs,,130 lbs.,,,,,1-10.pdf.json
2025-10-06,Wall Handstand Holds,,,False,False,,,,,,,,,1-10.pdf.json
2025-10-06,Wall Planche Holds,,,False,False,,,,,,,,,1-10.pdf.json
2025-10-06,Wall Pseudo Planche Pushups,,,False,False,,,,,,,,,1-10.pdf.json
2025-10-20,: Pseudo planche suldes,,,False,False,,,,,,,,,1-10.pdf.json
2025-10-20,Deadhang,,,False,False,,,,,,,,,1-10.pdf.json
2025-10-20,Floor DB Chest,,,False,False,,,,,,,,,1-10.pdf.json
2025-10-20,Leg Lifts,,,False,False,,,,,,,,,1-10.pdf.json
2025-10-20,Press,,,False,False,30.0,lbs,,30 16:,,,,,1-10.pdf.json
2025-10-20,Scapular Pushups,,,False,False,,,,,,,,,1-10.pdf.json
2025-10-20,Tuck Planche Dips,,,False,False,,,,,,,,,1-10.pdf.json
2025-10-20,"Walks to Pseudo Pland, WEIGHT",,,False,False,,,,,,,,,1-10.pdf.json
2025-10-20,Wall Hanstand,,,False,False,,,,,,,,,1-10.pdf.json
2025-10-20,Wall Pseudo Planche Leons,,,False,False,,,,,,,,,1-10.pdf.json
2025-10-20,Wall Pseudo Planche Push ups weighted,,,False,False,40.0,lbs,,40 lbs .,,,,,1-10.pdf.json
2025-10-28,1 De Art. Bicep Carls,,,False,False,30.0,lbs,,30 lbs.,,,,,1-10.pdf.json
2025-10-28,1 Pull ups,,,False,False,,,,,,,,,1-10.pdf.json
2025-10-28,Back Front Lever,,,False,False,,,,,,,,,1-10.pdf.json
2025-10-28,Ext. Rotations,,,False,False,,,,,,,,,1-10.pdf.json
2025-10-28,Tuck holds,,,False,False,,,,,,,,,1-10.pdf.json
2025-10-29,Atudo Planche Wall Holds,,,False,False,,,,,,,,,1-10.pdf.json
2025-10-29,Bird Dog Rows,,,False,False,,,,,,,,,1-10.pdf.json
2025-10-29,Booty Boulder,,,False,False,231.0,lbs,,231 lbs.,,,,,1-10.pdf.json
2025-10-29,Bulgarians,,,False,False,30.0,lbs,,30 lbs.,,,,,1-10.pdf.json
2025-10-29,Handstand Pushups + elevated pike pushups,,,False,False,,,,,,,,,1-10.pdf.json
2025-10-29,Pseudo Planche,,,False,False,,,,,,,,,1-10.pdf.json
2025-10-29,SL DB Galf Ralses,,,False,False,,,,,,,,,1-10.pdf.json
2025-10-29,Seated Leg Curls,,,False,False,100.0,lbs,,100 lbs.,,,,,1-10.pdf.json
2025-10-29,Slides,,,False,False,,,,,,,,,1-10.pdf.json
2025-11-01,Air walk pullups,,,False,False,,,,,,,,,1-10.pdf.json
2025-11-01,Cable Ext. Rotations,,,False,False,,,,,,,,,1-10.pdf.json
2025-11-01,Deadhangs,,,False,False,,,,,,,,,1-10.pdf.json
2025-11-01,Delt Flies,,,False,False,115.0,lbs,,"100, 115 lbs.",,,,,1-10.pdf.json
2025-11-01,Int.,,,False,False,7.5,lbs,,7.5 165.,,,,,1-10.pdf.json
2025-11-01,Laying 900,,,False,False,,,,,,,,,1-10.pdf.json
2025-11-01,Power Pull ups,,,False,False,,,,,,,,,1-10.pdf.json
2025-11-01,Pseudo Front Lever Holds - Tuck,,,False,False,,,,,,,,,1-10.pdf.json
2025-11-01,Scapular pull ups,,,False,False,,,,,,,,,1-10.pdf.json
2025-11-01,Seated Rear,,,False,False,,,,,,,,,1-10.pdf.json
2025-11-01,Walks to pseudo planche Wall Hanstand,,,False,False,,,,,,,,,1-10.pdf.json
2025-11-01,Wall Pseudo Planche Holds,,,False,False,,,,,,,,,1-10.pdf.json
2025-11-05,Dips,,,False,False,0.0,bodyweight,,BW,,,,,1-10.pdf.json
2025-11-05,Ext + Int. Rotations,,,False,False,,,,,,,,,1-10.pdf.json
2025-11-05,Pseudo Planche,,,False,False,,,,,,,,,1-10.pdf.json
2025-11-05,Scapular push-ups,,,False,False,,,,,,,,,1-10.pdf.json
2025-11-05,Tuck Planche,,,False,False,,,,,,,,,1-10.pdf.json
2025-11-05,Wall Pseudo Planche holds,,,False,False,,,,,,,,,1-10.pdf.json
2025-11-05,slides,,,False,False,,,,,,,,,1-10.pdf.json
2025-11-06,1 Cable Squats,,,False,False,65.0,lbs,,65 lbs.,,,,,1-10.pdf.json
2025-11-06,1 Curls,,,False,False,100.0,lbs,,100 lbs.,,,,,1-10.pdf.json
2025-11-06,1 Ice Cream Scoops,,,False,False,,,,,,,,,1-10.pdf.json
2025-11-06,1 Seated Hip Abductors,,,False,False,150.0,lbs,,150 lbs.,,,,,1-10.pdf.json
2025-11-06,1 Tuck Front,,,False,False,,,,,,,,,1-10.pdf.json
2025-11-06,Booty Builder,,,False,False,248.0,lbs,,248 lbs.,,,,,1-10.pdf.json
2025-11-06,Bulgarians,,,False,False,,,,,,,,,1-10.pdf.json
2025-11-06,Dead hongs,,,False,False,,,,,,,,,1-10.pdf.json
2025-11-06,Lever Holds,,,False,False,,,,,,,,,1-10.pdf.json
2025-11-06,Prone Leg,,,False,False,,,,,,,,,1-10.pdf.json
2025-11-09,Arone Leg Curls,,,False,False,100.0,lbs,,100 lbs.,,,,,1-10.pdf.json
2025-11-09,Ext/int: rotations,,,False,False,,,,,,,,,1-10.pdf.json
2025-11-09,Hanstand Pushups,,,False,False,,,,,,,,,1-10.pdf.json
2025-11-09,Planche holds,,,False,False,,,,,,,,,1-10.pdf.json
2025-11-09,Scapular pushups,,,False,False,,,,,,,,,1-10.pdf.json
2025-11-09,Seated Incline Leg Press,,,False,False,315.0,lbs,,225 315 16s.,,,,,1-10.pdf.json
2025-11-09,Shoulder Raises straight Arm,,,False,False,15.0,lbs,,15 lbs.,,,,,1-10.pdf.json
2025-11-09,Standing Hip Dips,,,False,False,,,,,,,,,1-10.pdf.json
2025-11-09,Wall Pseudo,,,False,False,,,,,,,,,1-10.pdf.json
2025-11-09,w/ Dine Pushups,,,False,False,,,,,,,,,1-10.pdf.json
2025-11-11,08 Shoulder Shrugs,,,False,False,10.0,lbs,,10 lbs.,,,,,1-10.pdf.json
2025-11-11,AB Shoulder Raise Trio,,,False,False,10.0,lbs,,10 lbs.,,,,,1-10.pdf.json
2025-11-11,Archer Pullups,,,False,False,,,,,,,,,1-10.pdf.json
2025-11-11,Det Fires,,,False,False,10.0,lbs,,"10 lbs, 95 lbs.",,,,,1-10.pdf.json
2025-11-11,Diff. Pullups,,,False,False,,,,,,,,,1-10.pdf.json
2025-11-11,Scoops,,,False,False,,,,,,,,,1-10.pdf.json
2025-11-11,Seated Rear,,,False,False,,,,,,,,,1-10.pdf.json
2025-11-11,Tuck Ice Cream,,,False,False,,,,,,,,,1-10.pdf.json
2025-11-12,BOSU SL KB,,,False,False,,,,,,,,,1-10.pdf.json
2025-11-12,Booty Builder,,,False,False,248.0,lbs,,248 lbs.,,,,,1-10.pdf.json
2025-11-12,Prone Leg Curls,,,False,False,100.0,lbs,,100 lbs.,,,,,1-10.pdf.json
2025-11-12,Pushups + El. Pike Pushups,,,False,False,,,,,,,,,1-10.pdf.json
2025-11-12,Straight Arm Shoulder Raises,,,False,False,15.0,lbs,,15 lbs.,,,,,1-10.pdf.json
2025-11-12,squat,,,False,False,20.0,lbs,,20 lbs.,,,,,1-10.pdf.json
2025-11-16,Airwalk pull ups,,,False,False,,,,,,,,,1-10.pdf.json
2025-11-16,Booty Builder,,,False,False,,,,,,,,,1-10.pdf.json
2025-11-16,Bulgarians,,,False,False,45.0,lbs,,45 lbs.,,,,,1-10.pdf.json
2025-11-16,Cable Int / Ext.,,,False,False,,,,,,,,,1-10.pdf.json
2025-11-16,Calf Press,,,False,False,190.0,lbs,,190 lbs- 2051ps.,,,,,1-10.pdf.json
2025-11-16,DB (Diagonal + lateral),,,False,False,15.0,lbs,,15 16#.,,,,,1-10.pdf.json
2025-11-16,Elevated Dike Pushups,,,False,False,,,,,,,,,1-10.pdf.json
2025-11-16,MB Hamstring Carla,,,False,False,,,,,,,,,1-10.pdf.json
2025-11-16,Rotations,,,False,False,7.5,lbs,,7.5 lbs,,,,,1-10.pdf.json
2025-11-16,Seated Hip Adductions,,,False,False,115.0,lbs,,"115 lbs,",,,,,1-10.pdf.json
2025-11-16,Shoulder Raises,,,False,False,,,,,,,,,1-10.pdf.json
2025-11-16,Wall Pseudo Planche Holds,,,False,False,,,,,,,,,1-10.pdf.json
2025-11-19,Abductors,,,False,False,100.0,lbs,,100 lbs.,,,,,1-10.pdf.json
2025-11-19,Airwalls pullups,,,False,False,,,,,,,,,1-10.pdf.json
2025-11-19,Archer Pullups,,,False,False,,,,,,,,,1-10.pdf.json
2025-11-19,Booty Builder,,,False,False,248.0,lbs,,248 lbs.,,,,,1-10.pdf.json
2025-11-19,Seated Hip,,,False,False,,,,,,,,,1-10.pdf.json
2025-11-19,Seated Itp Adductors,,,False,False,115.0,lbs,,115 lbs 130 lbs.,,,,,1-10.pdf.json
2025-11-19,Shoulder shrugs Trio,,,False,False,12.5,lbs,,12.5 lbs.,,,,,1-10.pdf.json
2025-11-20,Elevated Pike,,,False,False,,,,,,,,,1-10.pdf.json
2025-11-20,Ext / Int. Rotations,,,False,False,7.5,lbs,,7.5 lbs.,,,,,1-10.pdf.json
2025-11-20,MB Hamstring Curls,,,False,False,,,,,,,,,1-10.pdf.json
2025-11-20,Pushups,,,False,False,,,,,,,,,1-10.pdf.json
2025-11-20,Seated Incline Leg Press,,,False,False,405.0,lbs,,"225, 315, 405 lbs.",,,,,1-10.pdf.json
2025-11-27,. Curls,,,False,False,,,,,,,,,1-10.pdf.json
2025-11-27,1 RB scapular pushups,,,False,False,,,,,,,,,1-10.pdf.json
2025-11-27,DB Goblet Squat,,,False,False,,,,,,,,,1-10.pdf.json
2025-11-27,Elevated Pike Pushups,,,False,False,,,,,,,,,1-10.pdf.json
2025-11-27,Handstand pushups,,,False,False,,,,,,,,,1-10.pdf.json
2025-11-27,Pseudo Planche,,,False,False,,,,,,,,,1-10.pdf.json
2025-11-27,SB Hamstring,,,False,False,,,,,,,,,1-10.pdf.json
2025-11-27,Slides,,,False,False,,,,,,,,,1-10.pdf.json
2025-11-29,. Scared hip adductions,,,False,False,130.0,lbs,,130 163.,,,,,1-10.pdf.json
2025-11-29,1 Lateral,,,False,False,,,,,,,,,1-10.pdf.json
2025-11-29,Booty Builder,,,False,False,,,,,,,,,1-10.pdf.json
2025-11-29,L-sit pullups,,,False,False,,,,,,,,,1-10.pdf.json
2025-11-29,One arm deadhangs,,,False,False,,,,,,,,,1-10.pdf.json
2025-11-29,Palov rotations,,,False,False,22.5,lbs,,22.5 165.,,,,,1-10.pdf.json
2025-11-29,Pull ups,,,False,False,,,,,,,,,1-10.pdf.json
2025-11-29,SB hamstring curls,,,False,False,,,,,,,,,1-10.pdf.json
2025-11-29,Shoulder Raises Trio,,,False,False,10.0,lbs,,10 lbs.,,,,,1-10.pdf.json
2025-11-29,Squats,,,False,False,,,,,,,,,1-10.pdf.json
2025-11-29,i 6h sit-to-stands,,,False,False,,,,,,,,,1-10.pdf.json
2025-11-30,1 DB Laying Straight Arm Raises,,,False,False,25.0,lbs,,"20 153, 25 163",,,,,1-10.pdf.json
2025-11-30,1 Ext. / Int. Rotations,,,False,False,,,,,,,,,1-10.pdf.json
2025-11-30,Foregrip Tricep,,,False,False,,,,,,,,,1-10.pdf.json
2025-11-30,Pike Pushups,,,False,False,,,,,,,,,1-10.pdf.json
2025-11-30,Pseudo Planche Pushups Slides,,,False,False,,,,,,,,,1-10.pdf.json
2025-11-30,Wall Handstand,,,False,False,,,,,,,,,1-10.pdf.json
2025-11-30,elevated,,,False,False,,,,,,,,,1-10.pdf.json
2025-11-30,pulldown,,,False,False,,,,,,,,,1-10.pdf.json
2025-11-30,scapular push ups,,,False,False,,,,,,,,,1-10.pdf.json
2025-12-02,! AB Front Rows,,,False,False,0.0,blue_band,,Blue Band,,,,,1-10.pdf.json
2025-12-02,1 Deadhangs + One-Arm Deadhangs,,,False,False,,,,,,,,,1-10.pdf.json
2025-12-02,1 Laying DB Ice cream Scoops,,,False,False,20.0,lbs,,20 lbs.,,,,,1-10.pdf.json
2025-12-02,1 Power Pull ups,,,False,False,,,,,,,,,1-10.pdf.json
2025-12-02,RB Full Aparts,,,False,False,0.0,orange_band,,Orange Band,,,,,1-10.pdf.json
2025-12-02,Straight Arm Raises,,,False,False,,,,,,,,,1-10.pdf.json
2025-12-02,Weighted Pull Ups,,,False,False,40.0,lbs,,40 lbs.,,,,,1-10.pdf.json
2025-12-03,. Elevated Ake Push ups,,,False,False,,,,,,,,,1-10.pdf.json
2025-12-03,1 Booty Builder .,,,False,False,,,,,,,,,1-10.pdf.json
2025-12-03,1 SB Hamstring Curls,,,False,False,,,,,,,,,1-10.pdf.json
2025-12-03,1 Seated Leg,,,False,False,,,,,,,,,1-10.pdf.json
2025-12-03,Abductors,,,False,False,120.0,lbs,,"140, 120 lbs.",,,,,1-10.pdf.json
2025-12-03,Bulgarians,,,False,False,86.0,lbs,,"26, 86 lbs.",,,,,1-10.pdf.json
2025-12-03,Extensions,,,False,False,100.0,lbs,,100 lbs.,,,,,1-10.pdf.json
2025-12-03,Prone Leg Curls,,,False,False,,,,,,,,,1-10.pdf.json
2025-12-03,Seated Hip,,,False,False,,,,,,,,,1-10.pdf.json
2025-12-04,1 Elevated Pike Pushups,,,False,False,,,,,,,,,1-10.pdf.json
2025-12-04,1 Scapular pushups,,,False,False,,,,,,,,,1-10.pdf.json
2025-12-04,1 Tuck Planche,,,False,False,,,,,,,,,1-10.pdf.json
2025-12-04,1 Weighted Dips,,,False,False,45.0,lbs,,45 lbs.,,,,,1-10.pdf.json
2025-12-04,DB Lateral Shoulder to Planche Walks,,,False,False,,,,,,,,,1-10.pdf.json
2025-12-04,DB Shoulder Shrugs,,,False,False,15.0,lbs,,15 lbs .,,,,,1-10.pdf.json
2025-12-04,Ext . / Int. Cable Rotations,,,False,False,7.5,lbs,,7.5 lbs,,,,,1-10.pdf.json
2025-12-04,Holds,,,False,False,,,,,,,,,1-10.pdf.json
2025-12-04,Leans,,,False,False,,,,,,,,,1-10.pdf.json
2025-12-04,Nall Pseudo Planche,,,False,False,,,,,,,,,1-10.pdf.json
2025-12-04,Raises,,,False,False,15.0,lbs,,15 16s.,,,,,1-10.pdf.json
2025-12-04,Wall Handstand,,,False,False,,,,,,,,,1-10.pdf.json
2025-12-07,1 Ext/ Int. rotations,,,False,False,,,,,,,,,1-10.pdf.json
2025-12-07,DE straight Am,,,False,False,,,,,,,,,1-10.pdf.json
2025-12-07,Internal Shoulder Rotations RB,,,False,False,,,,,,,,,1-10.pdf.json
2025-12-07,L-sits paralletes,,,False,False,,,,,,,,,1-10.pdf.json
2025-12-07,Pseudo Planche Raises (Laying ) Dips,,,False,False,20.0,lbs,,20 lbs.,,,,,1-10.pdf.json
2025-12-07,RB scapular,,,False,False,,,,,,,,,1-10.pdf.json
2025-12-07,Wall Handstand Holds,,,False,False,,,,,,,,,1-10.pdf.json
2025-12-07,pushups,,,False,False,,,,,,,,,1-10.pdf.json
2025-12-08,( abs ),,,False,False,,,,,,,,,1-10.pdf.json
2025-12-08,Cossack Squat,,,False,False,35.0,lbs,,35 lbs.,,,,,1-10.pdf.json
2025-12-08,Curls,,,False,False,,,,,,,,,1-10.pdf.json
2025-12-08,DB SL Calf Raises,,,False,False,,,,,,,,,1-10.pdf.json
2025-12-08,KB Swings,,,False,False,,,,,,,,,1-10.pdf.json
2025-12-08,Laying Side Leg Raises RB,,,False,False,,,,,,,,,1-10.pdf.json
2025-12-08,Pike to Knee Pucks,,,False,False,,,,,,,,,1-10.pdf.json
2025-12-08,SB Hamstring,,,False,False,,,,,,,,,1-10.pdf.json
2025-12-09,Airwalk Pullups,,,False,False,,,,,,,,,1-10.pdf.json
2025-12-09,Dead hangs,,,False,False,,,,,,,,,1-10.pdf.json
2025-12-09,Deadhang Leg Lifts,,,False,False,,,,,,,,,1-10.pdf.json
2025-12-09,Ext / Int. Rotation:,,,False,False,,,,,,,,,1-10.pdf.json
2025-12-09,Ice Cream Scoops,,,False,False,,,,,,,,,1-10.pdf.json
2025-12-09,Pullups w/,,,False,False,,,,,,,,,1-10.pdf.json
2025-12-09,Rows ( Neutral ),,,False,False,,,,,,,,,1-10.pdf.json
2025-12-09,Seated SA Front,,,False,False,,,,,,,,,1-10.pdf.json
2025-12-09,Shoulder shrugs,,,False,False,,,,,,,,,1-10.pdf.json
2025-12-09,Slow Descent,,,False,False,,,,,,,,,1-10.pdf.json
2025-12-10,Booty Builder,,,False,False,264.0,lbs,,"164, 748, 264lbs.",,,,,1-10.pdf.json
2025-12-10,SB Hamstring Curls,,,False,False,,,,,,,,,1-10.pdf.json
2025-12-10,SL DB Calf Raises,,,False,False,,,,,,,,,1-10.pdf.json
2025-12-10,seated Hip Abductions,,,False,False,130.0,lbs,,"115, 130 lbs.",,,,,1-10.pdf.json
2025-12-11,Elevated Pike,,,False,False,,,,,,,,,1-10.pdf.json
2025-12-11,Ext / Int.,,,False,False,,,,,,,,,1-10.pdf.json
2025-12-11,Holds,,,False,False,,,,,,,,,1-10.pdf.json
2025-12-11,Pushups,,,False,False,,,,,,,,,1-10.pdf.json
2025-12-11,Rotations,,,False,False,5.0,lbs,,5 lbs-,,,,,1-10.pdf.json
2025-12-11,"Tri , wide , Tri , Wide , Air. reg pushups",,,False,False,,,,,,,,,1-10.pdf.json
2025-12-11,Upright Leg Lifts,,,False,False,,,,,,,,,1-10.pdf.json
2025-12-11,Wall Hanstand,,,False,False,,,,,,,,,1-10.pdf.json
2025-12-16,DB Bicep Carls,,,False,False,30.0,lbs,,30 lbs .,,,,,1-10.pdf.json
2025-12-16,Deadhangs + One-arm deadhangs,,,False,False,,,,,,,,,1-10.pdf.json
2025-12-16,Ice Cream,,,False,False,,,,,,,,,1-10.pdf.json
2025-12-16,Power Pullups,,,False,False,,,,,,,,,1-10.pdf.json
2025-12-16,Pullups,,,False,False,,,,,,,,,1-10.pdf.json
2025-12-16,Scoops,,,False,False,,,,,,,,,1-10.pdf.json
2025-12-16,Slow pullups,,,False,False,40.0,lbs,,40 lbs.,,,,,1-10.pdf.json
2025-12-16,Tricep Kickbacks,,,False,False,15.0,lbs,,15 lbs.,,,,,1-10.pdf.json
,! Handstand Push up,,,False,False,,,,,,,,,1-10.pdf.json
,1 Booty Builder Heels to Heaven,,,False,False,198.0,lbs,,"198 lbs, 231 lbs.",,,,,1-10.pdf.json
,1 Prendo Planche Slides,,,False,False,,,,,,,,,1-10.pdf.json
,1 Seated Hip,,,False,False,,,,,,,,,1-10.pdf.json
,1 Wall Handstand,,,False,False,,,,,,,,,1-10.pdf.json
,1 Wall Pseudo Planche Holds,,,False,False,,,,,,,,,1-10.pdf.json
,10 /23/25,,,False,False,,,,,,,,,1-10.pdf.json
,10/ 24/25,,,False,False,,,,,,,,,1-10.pdf.json
,11 /25/25,,,False,False,,,,,,,,,1-10.pdf.json
,12 / 14 / 25,,,False,False,,,,,,,,,1-10.pdf.json
,8123/25,,,False,False,,,,,,,,,1-10.pdf.json
,9 /18/25,,,False,False,,,,,,,,,1-10.pdf.json
,Abduction,,,False,False,135.0,lbs,,"135 lbs, 145 lbs.",,,,,1-10.pdf.json
,Adductions,,,False,False,130.0,lbs,,130 lbs.,,,,,1-10.pdf.json
,Around the Worlds KB,,,False,False,35.0,lbs,,35 16s.,,,,,1-10.pdf.json
,Back lever,,,False,False,,,,,,,,,1-10.pdf.json
,Booty Builder,,,False,False,231.0,lbs,,231 lbs.,,,,,1-10.pdf.json
,Booty Builder,,,False,False,,,,,,,,,1-10.pdf.json
,Bulgarians,,,False,False,,,,,,,,,1-10.pdf.json
,Calf Press,,,False,False,,,,,,,,,1-10.pdf.json
,Cartwheels,,,False,False,,,,,,,,,1-10.pdf.json
,Curls,,,False,False,,,,,,,,,1-10.pdf.json
,DB Laying Straight -Arm,,,False,False,,,,,,,,,1-10.pdf.json
,DB Shoulder,,,False,False,,,,,,,,,1-10.pdf.json
,Elevated Pike,,,False,False,,,,,,,,,1-10.pdf.json
,Ext.,,,False,False,115.0,lbs,,115 lbs.,,,,,1-10.pdf.json
,Ext/ Int. Rotations,,,False,False,7.5,lbs,,7.5 lbs .,,,,,1-10.pdf.json
,Fires,,,False,False,90.0,lbs,,90 lbs.,,,,,1-10.pdf.json
,Handstand,,,False,False,,,,,,,,,1-10.pdf.json
,Leg Extensions,,,False,False,100.0,lbs,,100 lbs.,,,,,1-10.pdf.json
,Planche slides,,,False,False,,,,,,,,,1-10.pdf.json
,Prone Leg Curls,,,False,False,0.0,lbs,,",00 lbs.",,,,,1-10.pdf.json
,Pseudo Planche,,,False,False,,,,,,,,,1-10.pdf.json
,Pull ups + Pull ups Air Walk,,,False,False,,,,,,,,,1-10.pdf.json
,Pushups,,,False,False,,,,,,,,,1-10.pdf.json
,Quad. Ext. pull ups,,,False,False,0.0,bodyweight,,BW,,,,,1-10.pdf.json
,Raise Tiro,,,False,False,10.0,lbs,,10 lbs.,,,,,1-10.pdf.json
,Raises,,,False,False,20.0,lbs,,2016s.,,,,,1-10.pdf.json
,Reverse Langes,,,False,False,45.0,lbs,,45168.,,,,,1-10.pdf.json
,SB Hamstring,,,False,False,,,,,,,,,1-10.pdf.json
,SL Calf praises,,,False,False,35.0,lbs,,35 lbs .,,,,,1-10.pdf.json
,Scapular Push Ups,,,False,False,,,,,,,,,1-10.pdf.json
,Seated Hip Adduction,,,False,False,100.0,lbs,,"100 lbs, 115 lbs.",,,,,1-10.pdf.json
,Seated Hip Pushups,,,False,False,,,,,,,,,1-10.pdf.json
,Seated Rear Delt,,,False,False,,,,,,,,,1-10.pdf.json
,Slow Handstand,,,False,False,,,,,,,,,1-10.pdf.json
,Triceps Pulldown,,,False,False,45.0,lbs,,45 16s,,,,,1-10.pdf.json
,Tuck Front Lever Hold,,,False,False,,,,,,,,,1-10.pdf.json
,arow-pose,,,False,False,,,,,,,,,1-10.pdf.json
,attempt + Dike push ups Weighted Dips,,,False,False,45.0,lbs,,45 lbs.,,,,,1-10.pdf.json
,cable row bar,,,False,False,,,,,,,,,1-10.pdf.json
,seated Quad,,,False,False,,,,,,,,,1-10.pdf.json
,shoulder Shrugs,,,False,False,10.0,lbs,,10 lbs.,,,,,1-10.pdf.json
,stides,,,False,False,,,,,,,,,1-10.pdf.json
